[
  {
    "name": "typDokl",
    "active": false,
    "system": true,
    "label": "typDokl",
    "info": "Typ faktury (objekt)",
    "example": "code:FAKTURA",
    "type": "string"
  },
  {
    "name": "cisDosle",
    "active": true,
    "system": false,
    "label": "cisDosle",
    "info": "Číslo došlé (string) - max. 30",
    "example": "123456",
    "type": "string"
  },
  {
    "name": "varSym",
    "active": true,
    "system": false,
    "label": "varSym",
    "info": "Variabilní symbol (string)",
    "example": "123456",
    "type": "integer"
  },
  {
    "name": "datVyst",
    "active": true,
    "system": false,
    "label": "datVyst, YYYY--MM-DD",
    "info": "Vystaveno (datum) - format YYYY--MM-DD, ISO 8601 date",
    "example": "2024-01-02",
    "type": "date"
  },
  {
    "name": "datSplat",
    "active": true,
    "system": false,
    "label": "datSplat, YYYY--MM-DD",
    "info": "Splatnost (datum) - format YYYY--MM-DD",
    "example": "2024-01-15",
    "type": "date"
  },
  {
    "name": "stitky",
    "active": true,
    "system": false,
    "label": "stitky",
    "info": "Štítky (string, musí ale existovat!)",
    "example": "RCH DPH",
    "type": "string"
  },
  {
    "name": "formaUhradyCis",
    "active": true,
    "system": false,
    "label": "formaUhradyCis code:PREVOD,KARTA,DOBIRKA,HOTOVE",
    "info": "Forma úhrady (objekt = code:ZAPOCET,SLOZENKA,SEK,PREVOD,KARTA,HOTOVE,DOBIRKA)",
    "example": "code:PREVOD",
    "type": "string"
  },
  {
    "name": "poznam",
    "active": true,
    "system": false,
    "label": "poznam",
    "info": "Poznámka (string) -",
    "example": "poznamka jakakoliv",
    "type": "string"
  },
  {
    "name": "firma",
    "active": false,
    "system": true,
    "label": "firma, code:ADSK",
    "info": "Firma (objekt, code:ADSK, pouze kdyz je ulozena v adresari) - max. délka: 20",
    "example": "code: ADSK",
    "type": "string"
  },
  {
    "name": "nazFirmy",
    "active": true,
    "system": false,
    "label": "nazFirmy",
    "info": "Název firmy nebo jméno osoby (string)",
    "example": "Firma s.r.o.",
    "type": "string"
  },
  {
    "name": "ulice",
    "active": true,
    "system": false,
    "label": "ulice",
    "info": "Ulice (string)",
    "example": "Ulice 12",
    "type": "string"
  },
  {
    "name": "mesto",
    "active": true,
    "system": false,
    "label": "mesto",
    "info": "Město (string)",
    "example": "Město",
    "type": "string"
  },
  {
    "name": "psc",
    "active": true,
    "system": false,
    "label": "psc",
    "info": "PSČ (string)",
    "example": "504 01",
    "type": "string"
  },
  {
    "name": "eanKod",
    "active": true,
    "system": false,
    "label": "eanKod",
    "info": "EAN (string)",
    "example": "",
    "type": "string"
  },
  {
    "name": "ic",
    "active": true,
    "system": false,
    "label": "ic",
    "info": "IČO (string)",
    "example": "11111111",
    "type": "string"
  },
  {
    "name": "dic",
    "active": true,
    "system": false,
    "label": "dic",
    "info": "DIČ (string)",
    "example": "cz11111111",
    "type": "string"
  },
  {
    "name": "buc",
    "active": true,
    "system": false,
    "label": "buc",
    "info": "Číslo bank. účtu (string)",
    "example": "35-123456/0100",
    "type": "string"
  },
  {
    "name": "iban",
    "active": true,
    "system": false,
    "label": "iban",
    "info": "IBAN (string)",
    "example": "CZ3500001111111",
    "type": "string"
  },
  {
    "name": "bic",
    "active": true,
    "system": false,
    "label": "bic",
    "info": "BIC (string)",
    "example": "KBCCC",
    "type": "string"
  },
  {
    "name": "specSym",
    "active": true,
    "system": false,
    "label": "specSym, code:001",
    "info": "Specifický symbol (string)",
    "example": "",
    "type": "string"
  },
  {
    "name": "stat",
    "active": false,
    "system": true,
    "label": "stat, code:CZ",
    "info": "Stát (objekt code:CZ) - max. délka: 3",
    "example": "code:CZ",
    "type": "string"
  },
  {
    "name": "ucetni",
    "active": false,
    "system": true,
    "label": "ucetni",
    "info": "Je účetní (logická hodnota) -",
    "example": "true",
    "type": "boolean"
  },
  {
    "name": "zuctovano",
    "active": false,
    "system": true,
    "label": "zuctovano",
    "info": "Zaúčtováno (logická hodnota) -",
    "example": "true",
    "type": "boolean"
  },
  {
    "name": "popis",
    "active": true,
    "system": false,
    "label": "popis, celá faktura",
    "info": "Popis, nebo název 1. a jediné položky (string) - max. délka: 255",
    "example": "Souhrn název faktury",
    "type": "string"
  },
  {
    "name": "mena",
    "active": false,
    "system": true,
    "label": "mena, code:CZK",
    "info": "Měna (objekt)",
    "example": "code:CZK",
    "type": "string"
  },
  {
    "name": "slevaDokl",
    "active": true,
    "system": false,
    "label": "slevaDokl, celkova",
    "info": "Sleva [%] (desetinné číslo) - min. hodnota: -100.0 max.hodnota: 100.0 počet číslic: 6",
    "example": "10",
    "type": "decimal"
  },
  {
    "name": "typUcOp",
    "active": false,
    "system": true,
    "label": "typUcOp",
    "info": "Předpis zaúčtování (objekt, podle FLEXI) - max. délka: 20",
    "example": "code:NÁKUP SLUŽBY",
    "type": "string"
  },
  {
    "name": "primUcet",
    "active": false,
    "system": true,
    "label": "primUcet",
    "info": "Účet DAL (objekt) - max. délka: 6",
    "example": "code:321001",
    "type": "string"
  },
  {
    "name": "protiUcet",
    "active": false,
    "system": true,
    "label": "protiUcet",
    "info": "Účet MD (objekt) - max. délka: 6",
    "example": "code:518001",
    "type": "string"
  },
  {
    "name": "nazev",
    "active": true,
    "system": false,
    "label": "SP_nazev",
    "info": "Název (string)",
    "example": "Položka faktury",
    "type": "string"
  },
  {
    "name": "mnozMj",
    "active": true,
    "system": false,
    "label": "SP_mnozMj",
    "info": "Množství (desetinné číslo)",
    "example": "1.0",
    "type": "decimal"
  },
  {
    "name": "cenaMj",
    "active": true,
    "system": false,
    "label": "SP_cenaMj",
    "info": "Cena za MJ (desetinné číslo)",
    "example": "100.00",
    "type": "decimal"
  },
  {
    "name": "szbDph",
    "active": true,
    "system": false,
    "label": "SP_szbDph",
    "info": "DPH [%] (destinné číslo) - počet číslic: 6",
    "example": "21",
    "type": "decimal"
  },
  {
    "name": "slevaMnoz",
    "active": true,
    "system": false,
    "label": "SP_slevaMnoz",
    "info": "Množstevní sleva [%] (desetinné číslo) - min. hodnota: 0.0 max.hodnota: 100.0 počet číslic: 6",
    "example": "10",
    "type": "decimal"
  },
  {
    "name": "slevaPol",
    "active": true,
    "system": false,
    "label": "SP_slevaPol",
    "info": "Sleva položky[%] (desetinné číslo) - min. hodnota: -100.0 max.hodnota: 100.0 počet číslic: 6",
    "example": "10",
    "type": "decimal"
  },
  {
    "name": "uplSlevaDokl",
    "active": false,
    "system": false,
    "label": "SP_uplSlevaDokl",
    "info": "? sleva hlav. (logická hodnota) -",
    "example": "false",
    "type": "decimal"
  }
]