{
  "id": "14e93a3a-088d-497e-9eff-13113050c54e",
  "batch_name": "robax16",
  "order": 2,
  "selected": true,
  "values": {
    "typDokl": "code:FAKTURA",
    "firma": "",
    "stat": "code:CZ",
    "ucetni": "true",
    "zuctovano": "true",
    "mena": "code:CZK",
    "typUcOp": "code:NÁKUP SLUŽBY",
    "primUcet": "code:321001",
    "protiUcet": "code:518001",
    "cisDosle": "FA2013081803",
    "nazFirmy": "Rax 24",
    "ulice": "Pri¢na 146",
    "mesto": "Praha 4",
    "psc": "14900",
    "ic": "12365478",
    "dic": "CZ12365478",
    "buc": "123456789/0300",
    "formaUhradyCis": "code:PREVOD",
    "varSym": "33",
    "datVyst": "2024-08-18",
    "datSplat": "2024-08-25"
  },
  "invoiceItems": [
    {
      "nazev": "Tridko dervené XXL",
      "mnozMj": "1",
      "cenaMj": "413.22",
      "szbDph": "21"
    }
  ],
  "systemValues": {
    "typDokl": "code:FAKTURA",
    "firma": "",
    "stat": "code:CZ",
    "ucetni": "true",
    "zuctovano": "true",
    "mena": "code:CZK",
    "typUcOp": "code:NÁKUP SLUŽBY",
    "primUcet": "code:321001",
    "protiUcet": "code:518001"
  },
  "accounting_info": "",
  "company_id": "",
  "imageFilename": "Snímek obrazovky z 2025-04-21 23-15-31 (další kopie).png",
  "template_used": "robax",
  "invoice_date": "2024-08-18",
  "invoice_number": "FA2013081803",
  "total_value": 499.99620000000004
}