{
  "id": "3325a95f-04ed-4192-bcac-cbb601528c93",
  "batch_name": "robax16",
  "order": 0,
  "selected": true,
  "values": {
    "typDokl": "code:FAKTURA",
    "firma": "",
    "stat": "code:CZ",
    "ucetni": "true",
    "zuctovano": "true",
    "mena": "code:CZK",
    "typUcOp": "code:NÁKUP SLUŽBY",
    "primUcet": "code:321001",
    "protiUcet": "code:518001",
    "cisDosle": "FA2013081801",
    "nazFirmy": "Rax 24",
    "ulice": "Pri¢na 146",
    "mesto": "Praha 4",
    "psc": "14900",
    "ic": "12365478",
    "dic": "CZ12365478",
    "buc": "123456789/0300",
    "formaUhradyCis": "code:PREVOD",
    "varSym": "111",
    "datVyst": "2024-08-18",
    "datSplat": "2024-08-25"
  },
  "invoiceItems": [
    {
      "nazev": "Tridko dervené XXL",
      "mnozMj": "1",
      "cenaMj": "413.22",
      "szbDph": "21"
    },
    {
      "nazev": "Ponodky zelené 43",
      "mnozMj": "5",
      "cenaMj": "81.82",
      "szbDph": "21"
    }
  ],
  "systemValues": {
    "typDokl": "code:FAKTURA",
    "firma": "",
    "stat": "code:CZ",
    "ucetni": "true",
    "zuctovano": "true",
    "mena": "code:CZK",
    "typUcOp": "code:NÁKUP SLUŽBY",
    "primUcet": "code:321001",
    "protiUcet": "code:518001"
  },
  "accounting_info": "",
  "company_id": "",
  "imageFilename": "Snímek obrazovky z 2025-04-21 23-15-31 (3. kopie).png",
  "template_used": "robax",
  "invoice_date": "2024-08-18",
  "invoice_number": "FA2013081801",
  "total_value": 995.0072
}