{
  "name": "robax16",
  "profile": "robax",
  "created": "2025-05-03T19:01:59.422324",
  "updated": "2025-05-04T15:16:52.668202",
  "pages": [
    "Sn\u00edmek obrazovky z 2025-04-21 23-15-31 (3. kopie).png",
    "Sn\u00edmek obrazovky z 2025-04-21 23-15-31 (4. kopie).png",
    "Sn\u00edmek obrazovky z 2025-04-21 23-15-31 (dal\u0161\u00ed kopie).png",
    "Sn\u00edmek obrazovky z 2025-04-21 23-15-31 (kopie).png",
    "Sn\u00edmek obrazovky z 2025-04-21 23-15-31.png"
  ],
  "systemValues": {
    "typDokl": "code:FAKTURA",
    "firma": "",
    "stat": "code:CZ",
    "ucetni": "true",
    "zuctovano": "true",
    "mena": "code:CZK",
    "typUcOp": "code:N\u00c1KUP SLU\u017dBY",
    "primUcet": "code:321001",
    "protiUcet": "code:518001"
  },
  "fieldMapping": {
    "invoiceDateField": "datVyst",
    "invoiceNumberField": "cisDosle",
    "totalValueField": "cenaMj"
  }
}