[{"filename":"Snímek obrazovky z 2025-04-21 23-15-31 (3. kopie).png","zones":[{"id":1,"x":363,"y":70,"width":138,"height":25,"propertyName":"cisDosle"},{"id":2,"x":18,"y":76,"width":45,"height":15,"propertyName":"nazFirmy"},{"id":3,"x":18,"y":90,"width":54,"height":12,"propertyName":"ulice"},{"id":4,"x":59,"y":104,"width":40,"height":11,"propertyName":"mesto"},{"id":5,"x":20,"y":104,"width":35,"height":11,"propertyName":"psc"},{"id":6,"x":34,"y":140,"width":56,"height":14,"propertyName":"ic"},{"id":7,"x":43,"y":153,"width":63,"height":12,"propertyName":"dic"},{"id":8,"x":72,"y":262,"width":86,"height":12,"propertyName":"buc"},{"id":9,"x":97,"y":236,"width":86,"height":12,"propertyName":"formaUhradyCis"},{"id":10,"x":106,"y":284,"width":23,"height":15,"propertyName":"varSym"},{"id":11,"x":419,"y":234,"width":57,"height":12,"propertyName":"datVyst"},{"id":12,"x":419,"y":247,"width":57,"height":12,"propertyName":"datSplat"},{"id":13,"x":13,"y":358,"width":95,"height":17,"propertyName":"nazev","isItem":true},{"id":14,"x":186,"y":359,"width":11,"height":17,"propertyName":"mnozMj","isItem":true},{"id":15,"x":337,"y":360,"width":38,"height":16,"propertyName":"cenaMj","isItem":true},{"id":16,"x":428,"y":361,"width":16,"height":13,"propertyName":"szbDph","isItem":true},{"id":17,"x":14,"y":381,"width":95,"height":17,"propertyName":"nazev_r1","isItem":true,"rowId":1},{"id":18,"x":187,"y":382,"width":11,"height":17,"propertyName":"mnozMj_r1","isItem":true,"rowId":1},{"id":19,"x":338,"y":380,"width":38,"height":16,"propertyName":"cenaMj_r1","isItem":true,"rowId":1},{"id":20,"x":429,"y":383,"width":16,"height":13,"propertyName":"szbDph_r1","isItem":true,"rowId":1}],"values":{"cisDosle":"FA2013081801","nazFirmy":"Rax 24","ulice":"Pri¢na 146","mesto":"Praha 4","psc":"14900","ic":"12365478","dic":"CZ12365478","buc":"123456789/0300","formaUhradyCis":"code:PREVOD","varSym":"111","datVyst":"18.08.2024","datSplat":"25.08.2024","nazev":"Tridko dervené XXL","mnozMj":"1","cenaMj":"413,22","szbDph":"21","nazev_r1":"Ponodky zelené 43","mnozMj_r1":"5","cenaMj_r1":"81,82","szbDph_r1":"21"}},{"filename":"Snímek obrazovky z 2025-04-21 23-15-31 (4. kopie).png","zones":[{"id":1,"x":363,"y":70,"width":138,"height":25,"propertyName":"cisDosle"},{"id":2,"x":18,"y":76,"width":45,"height":15,"propertyName":"nazFirmy"},{"id":3,"x":18,"y":90,"width":54,"height":12,"propertyName":"ulice"},{"id":4,"x":59,"y":104,"width":40,"height":11,"propertyName":"mesto"},{"id":5,"x":20,"y":104,"width":35,"height":11,"propertyName":"psc"},{"id":6,"x":34,"y":140,"width":56,"height":14,"propertyName":"ic"},{"id":7,"x":43,"y":153,"width":63,"height":12,"propertyName":"dic"},{"id":8,"x":72,"y":262,"width":86,"height":12,"propertyName":"buc"},{"id":9,"x":97,"y":236,"width":86,"height":12,"propertyName":"formaUhradyCis"},{"id":10,"x":106,"y":284,"width":23,"height":15,"propertyName":"varSym"},{"id":11,"x":419,"y":234,"width":57,"height":12,"propertyName":"datVyst"},{"id":12,"x":419,"y":247,"width":57,"height":12,"propertyName":"datSplat"},{"id":13,"x":13,"y":358,"width":95,"height":17,"propertyName":"nazev","isItem":true},{"id":14,"x":186,"y":359,"width":11,"height":17,"propertyName":"mnozMj","isItem":true},{"id":15,"x":337,"y":360,"width":38,"height":16,"propertyName":"cenaMj","isItem":true},{"id":16,"x":428,"y":361,"width":16,"height":13,"propertyName":"szbDph","isItem":true}],"values":{"cisDosle":"FA2013081802","nazFirmy":"Rax 24","ulice":"Pri¢na 146","mesto":"Praha 4","psc":"14900","ic":"12365478","dic":"CZ12365478","buc":"123456789/0300","formaUhradyCis":"code:PREVOD","varSym":"22","datVyst":"18.08.2024","datSplat":"25.08.2024","nazev":"Tridko dervené XXL","mnozMj":"1","cenaMj":"413,22","szbDph":"21"}},{"filename":"Snímek obrazovky z 2025-04-21 23-15-31 (další kopie).png","zones":[{"id":1,"x":363,"y":70,"width":138,"height":25,"propertyName":"cisDosle"},{"id":2,"x":18,"y":76,"width":45,"height":15,"propertyName":"nazFirmy"},{"id":3,"x":18,"y":90,"width":54,"height":12,"propertyName":"ulice"},{"id":4,"x":59,"y":104,"width":40,"height":11,"propertyName":"mesto"},{"id":5,"x":20,"y":104,"width":35,"height":11,"propertyName":"psc"},{"id":6,"x":34,"y":140,"width":56,"height":14,"propertyName":"ic"},{"id":7,"x":43,"y":153,"width":63,"height":12,"propertyName":"dic"},{"id":8,"x":72,"y":262,"width":86,"height":12,"propertyName":"buc"},{"id":9,"x":97,"y":236,"width":86,"height":12,"propertyName":"formaUhradyCis"},{"id":10,"x":106,"y":284,"width":23,"height":15,"propertyName":"varSym"},{"id":11,"x":419,"y":234,"width":57,"height":12,"propertyName":"datVyst"},{"id":12,"x":419,"y":247,"width":57,"height":12,"propertyName":"datSplat"},{"id":13,"x":13,"y":358,"width":95,"height":17,"propertyName":"nazev","isItem":true},{"id":14,"x":186,"y":359,"width":11,"height":17,"propertyName":"mnozMj","isItem":true},{"id":15,"x":337,"y":360,"width":38,"height":16,"propertyName":"cenaMj","isItem":true},{"id":16,"x":428,"y":361,"width":16,"height":13,"propertyName":"szbDph","isItem":true}],"values":{"cisDosle":"FA2013081803","nazFirmy":"Rax 24","ulice":"Pri¢na 146","mesto":"Praha 4","psc":"14900","ic":"12365478","dic":"CZ12365478","buc":"123456789/0300","formaUhradyCis":"code:PREVOD","varSym":"33","datVyst":"18.08.2024","datSplat":"25.08.2024","nazev":"Tridko dervené XXL","mnozMj":"1","cenaMj":"413,22","szbDph":"21"}},{"filename":"Snímek obrazovky z 2025-04-21 23-15-31 (kopie).png","zones":[{"id":1,"x":363,"y":70,"width":138,"height":25,"propertyName":"cisDosle"},{"id":2,"x":18,"y":76,"width":45,"height":15,"propertyName":"nazFirmy"},{"id":3,"x":18,"y":90,"width":54,"height":12,"propertyName":"ulice"},{"id":4,"x":59,"y":104,"width":40,"height":11,"propertyName":"mesto"},{"id":5,"x":20,"y":104,"width":35,"height":11,"propertyName":"psc"},{"id":6,"x":34,"y":140,"width":56,"height":14,"propertyName":"ic"},{"id":7,"x":43,"y":153,"width":63,"height":12,"propertyName":"dic"},{"id":8,"x":72,"y":262,"width":86,"height":12,"propertyName":"buc"},{"id":9,"x":97,"y":236,"width":86,"height":12,"propertyName":"formaUhradyCis"},{"id":10,"x":106,"y":284,"width":23,"height":15,"propertyName":"varSym"},{"id":11,"x":419,"y":234,"width":57,"height":12,"propertyName":"datVyst"},{"id":12,"x":419,"y":247,"width":57,"height":12,"propertyName":"datSplat"},{"id":13,"x":13,"y":358,"width":95,"height":17,"propertyName":"nazev","isItem":true},{"id":14,"x":186,"y":359,"width":11,"height":17,"propertyName":"mnozMj","isItem":true},{"id":15,"x":337,"y":360,"width":38,"height":16,"propertyName":"cenaMj","isItem":true},{"id":16,"x":428,"y":361,"width":16,"height":13,"propertyName":"szbDph","isItem":true}],"values":{"cisDosle":"FA2013081805","nazFirmy":"Rax 24","ulice":"Pri¢na 146","mesto":"Praha 4","psc":"14900","ic":"12365478","dic":"CZ12365478","buc":"123456789/0300","formaUhradyCis":"code:PREVOD","varSym":"55","datVyst":"18.08.2024","datSplat":"25.08.2024","nazev":"Tridko dervené XXL","mnozMj":"1","cenaMj":"413,22","szbDph":"21"}},{"filename":"Snímek obrazovky z 2025-04-21 23-15-31.png","zones":[{"id":1,"x":363,"y":70,"width":138,"height":25,"propertyName":"cisDosle"},{"id":2,"x":18,"y":76,"width":45,"height":15,"propertyName":"nazFirmy"},{"id":3,"x":18,"y":90,"width":54,"height":12,"propertyName":"ulice"},{"id":4,"x":59,"y":104,"width":40,"height":11,"propertyName":"mesto"},{"id":5,"x":20,"y":104,"width":35,"height":11,"propertyName":"psc"},{"id":6,"x":34,"y":140,"width":56,"height":14,"propertyName":"ic"},{"id":7,"x":43,"y":153,"width":63,"height":12,"propertyName":"dic"},{"id":8,"x":72,"y":262,"width":86,"height":12,"propertyName":"buc"},{"id":9,"x":97,"y":236,"width":86,"height":12,"propertyName":"formaUhradyCis"},{"id":10,"x":106,"y":284,"width":23,"height":15,"propertyName":"varSym"},{"id":11,"x":419,"y":234,"width":57,"height":12,"propertyName":"datVyst"},{"id":12,"x":419,"y":247,"width":57,"height":12,"propertyName":"datSplat"},{"id":13,"x":13,"y":358,"width":95,"height":17,"propertyName":"nazev","isItem":true},{"id":14,"x":186,"y":359,"width":11,"height":17,"propertyName":"mnozMj","isItem":true},{"id":15,"x":337,"y":360,"width":38,"height":16,"propertyName":"cenaMj","isItem":true},{"id":16,"x":428,"y":361,"width":16,"height":13,"propertyName":"szbDph","isItem":true}],"values":{"cisDosle":"FA2013081804","nazFirmy":"Rax 24","ulice":"Pri¢na 146","mesto":"Praha 4","psc":"14900","ic":"12365478","dic":"CZ12365478","buc":"123456789/0300","formaUhradyCis":"code:PREVOD","varSym":"66","datVyst":"18.08.2024","datSplat":"25.08.2024","nazev":"Tridko dervené XXL","mnozMj":"1","cenaMj":"413,22","szbDph":"21"}}]